user_id,course_id,rating
1,213,4.5
1,203,4.5
1,204,4.0
1,211,5.0
1,210,5.0
1,206,4.0
2,211,4.5
2,206,4.5
2,205,4.5
2,213,5.0
2,212,5.0
2,207,3.5
3,207,4.0
3,211,5.0
3,206,5.0
3,204,4.0
3,210,4.0
4,203,4.0
4,201,3.5
4,211,4.5
5,206,5.0
5,210,4.5
5,209,4.5
5,201,4.5
5,213,5.0
6,201,4.0
6,207,4.0
6,209,5.0
7,211,4.5
7,212,4.5
7,210,5.0
7,201,4.5
7,204,4.5
7,203,5.0
8,201,5.0
8,213,5.0
8,212,5.0
8,204,4.5
8,208,5.0
8,210,5.0
9,210,4.5
9,211,4.0
9,206,4.5
10,207,4.5
10,206,3.5
10,204,5.0
10,208,4.0
11,207,4.0
11,203,4.5
11,202,4.5
11,204,4.5
11,205,4.5
11,206,4.0
12,205,4.5
12,201,4.0
12,213,4.5
12,208,4.5
12,209,4.5
13,213,4.5
13,201,5.0
13,203,5.0
13,210,5.0
13,205,4.5
14,213,5.0
14,212,5.0
14,209,4.5
14,202,4.5
15,213,4.0
15,204,5.0
15,210,3.5
15,203,3.5
15,205,4.5
15,209,4.0
16,206,5.0
16,208,3.5
16,213,4.0
17,210,3.5
17,212,5.0
17,206,5.0
18,201,4.0
18,204,4.5
18,210,4.0
18,211,4.0
18,212,5.0
18,207,5.0
19,208,5.0
19,204,4.5
19,206,4.5
19,210,5.0
19,211,5.0
19,213,4.5
20,208,5.0
20,210,4.5
20,212,5.0
21,201,4.0
21,209,4.5
21,206,3.5
21,207,3.5
22,213,4.5
22,209,4.5
22,208,5.0
23,205,4.5
23,202,4.5
23,213,4.0
23,208,4.5
24,212,5.0
24,207,4.5
24,204,5.0
25,209,5.0
25,205,5.0
25,211,3.5
26,209,5.0
26,205,4.5
26,202,5.0
26,207,4.5
27,207,3.5
27,201,4.5
27,213,4.5
27,206,5.0
27,208,4.5
27,203,5.0
28,213,5.0
28,209,4.5
28,210,4.5
29,209,5.0
29,208,3.5
29,201,4.5
29,210,4.5
29,206,4.0
29,203,5.0
30,213,4.5
30,207,4.0
30,211,4.0
31,202,5.0
31,210,4.5
31,204,5.0
31,212,4.5
31,213,4.5
31,205,4.0
32,204,4.5
32,207,4.0
32,208,4.5
32,205,4.5
32,212,5.0
33,204,4.5
33,213,4.5
33,202,5.0
33,209,5.0
33,205,4.5
34,210,4.0
34,209,3.5
34,211,4.5
34,203,5.0
35,212,3.5
35,209,4.5
35,207,4.5
35,201,4.5
35,204,4.5
35,213,3.5
36,210,4.5
36,206,4.5
36,202,3.5
36,201,4.5
37,203,3.5
37,208,4.5
37,210,4.5
37,204,4.0
38,201,3.5
38,207,4.5
38,206,4.5
38,210,4.5
38,212,5.0
38,211,5.0
39,203,4.0
39,201,4.5
39,204,4.5
39,210,4.5
39,209,3.5
39,205,4.5
40,211,4.5
40,208,4.0
40,210,4.0
41,204,4.0
41,210,5.0
41,209,3.5
42,208,3.5
42,201,5.0
42,202,3.5
42,203,3.5
42,213,3.5
42,210,5.0
43,205,4.0
43,212,4.0
43,211,5.0
43,202,4.0
43,206,4.0
43,201,4.0
44,204,3.5
44,213,4.0
44,201,4.5
45,208,5.0
45,204,4.5
45,203,5.0
46,204,5.0
46,202,5.0
46,211,4.5
47,209,4.0
47,208,5.0
47,211,3.5
47,206,4.0
47,213,4.5
48,212,5.0
48,211,4.5
48,205,5.0
49,210,4.0
49,212,5.0
49,207,4.5
49,205,3.5
49,201,4.0
49,203,4.5
50,205,5.0
50,210,4.5
50,209,5.0
50,204,5.0
50,212,4.5
51,210,4.5
51,204,5.0
51,211,4.5
51,208,4.0
51,202,5.0
52,204,5.0
52,213,4.5
52,211,4.5
52,207,5.0
52,203,4.5
52,201,5.0
53,205,5.0
53,204,4.5
53,206,4.0
53,207,4.5
54,212,5.0
54,204,4.5
54,203,4.0
54,201,4.5
54,207,4.5
54,202,4.0
55,204,5.0
55,213,4.5
55,207,4.5
55,208,5.0
55,202,4.5
56,202,4.5
56,205,4.5
56,208,4.0
57,208,4.0
57,212,5.0
57,204,5.0
57,203,4.5
58,204,5.0
58,207,4.5
58,206,4.0
58,201,4.0
58,202,3.5
58,209,5.0
59,203,5.0
59,202,4.5
59,201,5.0
59,204,5.0
59,213,4.5
59,212,4.5
60,206,4.0
60,205,3.5
60,204,5.0
61,212,5.0
61,202,4.0
61,211,4.0
61,203,3.5
62,208,3.5
62,206,4.0
62,203,5.0
62,210,4.5
62,202,4.0
62,213,4.5
63,213,4.5
63,211,5.0
63,204,5.0
63,207,4.0
63,201,5.0
64,202,5.0
64,205,3.5
64,211,5.0
64,203,5.0
64,212,5.0
64,207,5.0
65,213,4.5
65,205,4.5
65,202,4.5
65,207,4.5
66,201,4.0
66,205,4.0
66,213,5.0
67,201,3.5
67,209,4.5
67,203,4.5
67,206,3.5
67,202,4.5
67,212,4.0
68,201,4.0
68,212,5.0
68,207,4.5
68,204,4.5
68,209,5.0
68,213,4.5
69,205,5.0
69,206,4.5
69,212,5.0
69,207,5.0
69,210,3.5
69,204,5.0
70,208,4.5
70,201,5.0
70,205,4.0
70,207,5.0
70,212,4.0
71,206,4.5
71,202,4.5
71,207,4.5
71,205,4.5
72,213,4.0
72,202,5.0
72,212,4.5
72,203,5.0
72,210,5.0
73,208,4.0
73,210,5.0
73,207,4.5
73,211,4.0
73,202,4.5
73,212,3.5
74,208,4.5
74,204,5.0
74,211,4.0
74,210,5.0
74,206,5.0
74,212,4.5
75,210,4.5
75,213,4.0
75,212,5.0
75,205,4.5
76,209,4.5
76,212,5.0
76,203,4.5
76,211,4.5
77,205,4.0
77,202,5.0
77,203,5.0
77,204,4.5
78,208,4.5
78,203,5.0
78,211,5.0
78,204,5.0
78,209,4.5
79,205,5.0
79,209,4.0
79,211,4.5
80,213,3.5
80,208,3.5
80,201,4.0
80,210,4.5
80,204,4.5
81,205,3.5
81,208,5.0
81,207,5.0
82,205,5.0
82,202,4.0
82,207,4.5
83,201,5.0
83,205,4.5
83,207,4.5
83,213,4.5
83,211,3.5
84,207,4.5
84,211,5.0
84,201,4.5
85,210,5.0
85,211,4.5
85,208,4.5
85,207,4.0
86,204,3.5
86,213,4.5
86,202,4.5
86,212,4.0
86,201,5.0
86,211,4.0
87,211,4.5
87,204,4.5
87,201,4.5
87,210,4.5
87,206,4.5
88,208,4.0
88,206,5.0
88,202,4.0
89,202,4.5
89,208,5.0
89,201,3.5
89,205,4.5
90,201,5.0
90,212,5.0
90,205,4.0
90,204,5.0
90,202,5.0
91,209,5.0
91,210,4.5
91,211,4.5
91,208,4.5
91,205,4.5
92,203,4.5
92,206,4.5
92,210,5.0
92,207,4.5
92,204,4.0
92,201,5.0
93,203,4.5
93,205,5.0
93,201,3.5
93,210,4.5
94,208,3.5
94,206,5.0
94,207,5.0
95,205,5.0
95,202,4.5
95,207,5.0
95,204,4.5
95,212,4.5
96,213,4.5
96,212,5.0
96,207,4.0
96,211,4.0
96,208,4.5
96,202,5.0
97,201,3.5
97,206,5.0
97,208,4.5
97,212,5.0
97,205,4.5
97,202,4.5
98,213,5.0
98,209,4.5
98,211,5.0
99,208,4.5
99,202,3.5
99,213,5.0
99,205,3.5
99,209,4.0
99,207,3.5
100,206,5.0
100,207,3.5
100,211,4.0
