product_id,product_name,category,brand,price_inr,rating,features,description,url,content_features
101,boAt Airdopes 141 TWS Earbuds,Audio,boAt,1299,4.5,wireless bluetooth 42H playback beast mode low latency ENx noise cancellation ipx4 fast charging bass black,"India's top selling wireless earbuds with 42 hours playback, ENx tech for clear calls, and deep bass.",https://www.boat-lifestyle.com/products/airdopes-141,"Audio boAt wireless bluetooth 42H playback beast mode low latency ENx noise cancellation ipx4 fast charging bass black India's top selling wireless earbuds with 42 hours playback, ENx tech for clear calls, and deep bass."
102,boAt Nirvana Ion ANC Headphones,Audio,boAt,2499,4.6,active noise cancellation 120H playback dual EQ modes crystal clear calling bluetooth dual pairing black,Premium active noise-canceling wireless headphones with up to 120 hours of monstrous battery life.,https://www.boat-lifestyle.com/products/nirvana-ion,Audio boAt active noise cancellation 120H playback dual EQ modes crystal clear calling bluetooth dual pairing black Premium active noise-canceling wireless headphones with up to 120 hours of monstrous battery life.
103,Boult Audio Z40 Ultra Earbuds,Audio,Boult,1499,4.4,100H playtime ANC dual device pairing low latency gaming mode ENC mics fast charge beige,Ultra low latency gaming earbuds with active noise cancellation and 100 hours total playtime.,https://www.boultaudio.com/products/z40-ultra,Audio Boult 100H playtime ANC dual device pairing low latency gaming mode ENC mics fast charge beige Ultra low latency gaming earbuds with active noise cancellation and 100 hours total playtime.
104,Noise Two Wireless Headphones,Audio,Noise,1699,4.3,50H playtime low latency gaming dual pairing bass boost over ear soft padding black,Comfortable over-ear wireless headphones with Tru Bass technology and low latency gaming mode.,https://www.gonoise.com/products/noise-two-wireless-headphone,Audio Noise 50H playtime low latency gaming dual pairing bass boost over ear soft padding black Comfortable over-ear wireless headphones with Tru Bass technology and low latency gaming mode.
105,Zebronics Zeb-Zeb-Juke Bar 9500WS Soundbar,Audio,Zebronics,9999,4.5,dolby audio 5.1 soundbar wireless subwoofer satellite speakers HDMI ARC optical bluetooth 525W home theater,Powerful 525W 5.1 Dolby Audio soundbar with wireless rear satellite speakers for home cinema experience.,https://zebronics.com/products/zeb-juke-bar-9500ws-pro-dolby-5-1,Audio Zebronics dolby audio 5.1 soundbar wireless subwoofer satellite speakers HDMI ARC optical bluetooth 525W home theater Powerful 525W 5.1 Dolby Audio soundbar with wireless rear satellite speakers for home cinema experience.
106,Portronics SoundDrum P 20W Bluetooth Speaker,Audio,Portronics,1799,4.4,portable bluetooth speaker 20W HD sound handsfree mic Type-C charging outdoor waterproof blue,Compact and rugged 20W portable speaker with vibrant bass and long battery playback.,https://www.portronics.com/products/sounddrum-p,Audio Portronics portable bluetooth speaker 20W HD sound handsfree mic Type-C charging outdoor waterproof blue Compact and rugged 20W portable speaker with vibrant bass and long battery playback.
107,Noise ColorFit Pro 5 Smartwatch,Wearables,Noise,3499,4.7,AMOLED display bluetooth calling SpO2 heart rate sleep tracking SOS feature IP68 waterproof midnight blue,"Feature-packed smartwatch with 1.85-inch AMOLED display, BT calling, and rapid health tracking.",https://www.gonoise.com/products/noise-colorfit-pro-5-smartwatch,"Wearables Noise AMOLED display bluetooth calling SpO2 heart rate sleep tracking SOS feature IP68 waterproof midnight blue Feature-packed smartwatch with 1.85-inch AMOLED display, BT calling, and rapid health tracking."
108,Fire-Boltt Royale Luxury Smartwatch,Wearables,Fire-Boltt,4999,4.6,stainless steel design 1.43 inch AMOLED always on display bluetooth calling VR gaming 300+ sports modes silver,Luxury stainless steel smartwatch with high-resolution AMOLED display and rotating crown.,https://www.fireboltt.com/products/royale,Wearables Fire-Boltt stainless steel design 1.43 inch AMOLED always on display bluetooth calling VR gaming 300+ sports modes silver Luxury stainless steel smartwatch with high-resolution AMOLED display and rotating crown.
109,Fastrack Limitless FS1 Pro,Wearables,Fastrack,2295,4.5,super AMOLED curved display BT calling 110+ sports modes stress monitor fast charging black,Trendy curved AMOLED smartwatch by Fastrack with seamless single-chip bluetooth calling.,https://www.fastrack.in/product/fastrack-limitless-fs1-pro-smartwatch-38084pp01.html,Wearables Fastrack super AMOLED curved display BT calling 110+ sports modes stress monitor fast charging black Trendy curved AMOLED smartwatch by Fastrack with seamless single-chip bluetooth calling.
110,Cultsport Ranger XR Rugged Smartwatch,Wearables,Cultsport,2999,4.4,rugged military grade AMOLED display outdoor GPS tracking heart rate step counter IP68 orange strap,Rugged outdoor smartwatch designed for fitness enthusiasts with comprehensive workout metrics.,https://cultsport.com/products/ranger-xr-smartwatch,Wearables Cultsport rugged military grade AMOLED display outdoor GPS tracking heart rate step counter IP68 orange strap Rugged outdoor smartwatch designed for fitness enthusiasts with comprehensive workout metrics.
111,Cosmic Byte CB-GK-16 Firefly Mechanical Keyboard,Computer Accessories,Cosmic Byte,2199,4.6,RGB mechanical gaming keyboard Outemu red switches tenkeyless compact braided cable Windows PC,India's favorite budget mechanical gaming keyboard featuring tactile mechanical switches and custom RGB.,https://www.thecosmicbyte.com/product/cosmic-byte-cb-gk-16-firefly-rgb-tenkeyless-mechanical-keyboard/,Computer Accessories Cosmic Byte RGB mechanical gaming keyboard Outemu red switches tenkeyless compact braided cable Windows PC India's favorite budget mechanical gaming keyboard featuring tactile mechanical switches and custom RGB.
112,Cosmic Byte Ares Wireless Controller for PC/Android,Gaming,Cosmic Byte,1899,4.5,wireless gamepad controller dual vibration motors ergonomic grip rechargeable battery black,"Precision wireless gamepad with dual rumble vibration, ultra-responsive analog sticks for PC gaming.",https://www.thecosmicbyte.com/product/cosmic-byte-ares-wireless-controller-for-pc/,"Gaming Cosmic Byte wireless gamepad controller dual vibration motors ergonomic grip rechargeable battery black Precision wireless gamepad with dual rumble vibration, ultra-responsive analog sticks for PC gaming."
113,Portronics Toad 23 Wireless Optical Mouse,Computer Accessories,Portronics,499,4.3,wireless 2.4GHz mouse ergonomic silent clicks 1600 DPI battery saver compact black,Ergonomic 2.4GHz wireless mouse with silent click buttons for office productivity.,https://www.portronics.com/products/toad-23,Computer Accessories Portronics wireless 2.4GHz mouse ergonomic silent clicks 1600 DPI battery saver compact black Ergonomic 2.4GHz wireless mouse with silent click buttons for office productivity.
114,Zebronics Zeb-Transformer Gaming Mouse & Pad,Gaming,Zebronics,699,4.4,LED RGB lighting 3200 DPI braided cable high precision optical gaming mouse mousepad combo,Ergonomic RGB optical gaming mouse bundled with high-density anti-slip mousepad.,https://zebronics.com/products/zeb-transformer-m,Gaming Zebronics LED RGB lighting 3200 DPI braided cable high precision optical gaming mouse mousepad combo Ergonomic RGB optical gaming mouse bundled with high-density anti-slip mousepad.
115,Wipro Smart LED Batten 20W RGB + White,Smart Home,Wipro,1199,4.5,smart wifi batten light 16 million colors music sync Alexa Google Assistant control app dimmable,Smart Wi-Fi enabled LED light bar with 16 million RGB colors and voice control integration.,https://wiproconsumerlighting.com/,Smart Home Wipro smart wifi batten light 16 million colors music sync Alexa Google Assistant control app dimmable Smart Wi-Fi enabled LED light bar with 16 million RGB colors and voice control integration.
116,Atomberg Renesa Smart BLDC Ceiling Fan,Smart Home,Atomberg,3690,4.8,BLDC motor 65% energy saving remote control Alexa app control LED speed display silent operation white,India's leading energy-efficient BLDC smart ceiling fan with remote and voice app control.,https://atomberg.com/products/renesa-smart-plus,Smart Home Atomberg BLDC motor 65% energy saving remote control Alexa app control LED speed display silent operation white India's leading energy-efficient BLDC smart ceiling fan with remote and voice app control.
117,Wipro Vesta 360 Smart Security Camera 1080p,Smart Home,Wipro,2199,4.4,1080p full HD 360 degree pan tilt motion tracking night vision two way audio wifi indoor security,Full HD 360-degree smart indoor security camera with AI motion detection and two-way talk.,https://wiproconsumerlighting.com/,Smart Home Wipro 1080p full HD 360 degree pan tilt motion tracking night vision two way audio wifi indoor security Full HD 360-degree smart indoor security camera with AI motion detection and two-way talk.
118,Ambrane 20000mAh 22.5W Fast Charging Powerbank,Desk Setup,Ambrane,1799,4.6,power bank 20000mAh fast charge Quick Charge 3.0 Power Delivery dual USB output compact black metal body,"Made in India 20,000mAh high-capacity power bank with 22.5W fast charging output.",https://ambraneindia.com/products/stylo-20k,"Desk Setup Ambrane power bank 20000mAh fast charge Quick Charge 3.0 Power Delivery dual USB output compact black metal body Made in India 20,000mAh high-capacity power bank with 22.5W fast charging output."
119,Stuffcool Napoleon 65W GaN Dual Type-C Charger,Desk Setup,Stuffcool,2999,4.7,GaN charger 65W fast charger laptop MacBook iPhone Android dual USB-C Power Delivery BIS certified,"Ultra-compact 65W GaN wall charger capable of charging laptops, tablets, and smartphones simultaneously.",https://www.stuffcool.com/products/napoleon-65w-gan-charger,"Desk Setup Stuffcool GaN charger 65W fast charger laptop MacBook iPhone Android dual USB-C Power Delivery BIS certified Ultra-compact 65W GaN wall charger capable of charging laptops, tablets, and smartphones simultaneously."
120,Portronics My Buddy K Adjustable Laptop Stand,Desk Setup,Portronics,799,4.5,aluminum laptop stand height adjustable foldable ergonomic heat dissipation desk ventilation,Sturdy aluminum foldable laptop stand designed for ergonomic posture and heat management.,https://www.portronics.com/products/my-buddy-k,Desk Setup Portronics aluminum laptop stand height adjustable foldable ergonomic heat dissipation desk ventilation Sturdy aluminum foldable laptop stand designed for ergonomic posture and heat management.
121,Titan Edge Ceramic Ultra Slim Watch,Watches,Titan,14995,4.9,ultra slim ceramic luxury analog sapphire crystal scratch resistant water resistant elegant dress watch quartz Tata India black,One of the slimmest ceramic watches in the world crafted with sapphire crystal and high-tech ceramic by Titan Tata.,https://www.titan.co.in/shop/watches,Watches Titan ultra slim ceramic luxury analog sapphire crystal scratch resistant water resistant elegant dress watch quartz Tata India black One of the slimmest ceramic watches in the world crafted with sapphire crystal and high-tech ceramic by Titan Tata.
122,Titan Octane Mechanical Automatic Watch,Watches,Titan,12495,4.8,automatic mechanical skeleton dial open heart stainless steel self winding multi function sub dials premium luxury men chronograph silver,Exquisite automatic mechanical watch with skeletonized dial displaying inner gear movements and stainless steel bracelet.,https://www.titan.co.in/shop/watches,Watches Titan automatic mechanical skeleton dial open heart stainless steel self winding multi function sub dials premium luxury men chronograph silver Exquisite automatic mechanical watch with skeletonized dial displaying inner gear movements and stainless steel bracelet.
123,Titan Workwear Neo Analog Blue Dial Watch,Watches,Titan,3995,4.7,analog quartz blue sunburst dial genuine leather strap formal work office dress water resistant 50m mineral glass men,Sophisticated everyday formal analog watch featuring striking blue sunburst dial and genuine brown leather strap.,https://www.titan.co.in/shop/watches,Watches Titan analog quartz blue sunburst dial genuine leather strap formal work office dress water resistant 50m mineral glass men Sophisticated everyday formal analog watch featuring striking blue sunburst dial and genuine brown leather strap.
124,Fastrack Vyb Chronograph Sports Watch,Watches,Fastrack,2495,4.6,chronograph sports stopwatch silicone strap date display bold black dial youth casual water resistant durable shock resistant,"Edgy sports chronograph watch designed for youth with bold sub-dials, durable silicone strap, and stopwatch timing.",https://www.fastrack.in/shop/watches,"Watches Fastrack chronograph sports stopwatch silicone strap date display bold black dial youth casual water resistant durable shock resistant Edgy sports chronograph watch designed for youth with bold sub-dials, durable silicone strap, and stopwatch timing."
125,Fastrack Reflex Play AMOLED Smartwatch,Watches,Fastrack,3495,4.5,smartwatch amoled touch display bluetooth calling animated watch faces ip68 water resistant health tracking sp02 heart rate games,"Feature-packed youth smartwatch with 1.3 inch AMOLED vivid display, built-in games, and Bluetooth calling.",https://www.fastrack.in/shop/smart-watches,"Watches Fastrack smartwatch amoled touch display bluetooth calling animated watch faces ip68 water resistant health tracking sp02 heart rate games Feature-packed youth smartwatch with 1.3 inch AMOLED vivid display, built-in games, and Bluetooth calling."
126,Sonata Poze Stainless Steel Mesh Watch,Watches,Sonata,1299,4.5,minimalist sleek quartz analog stainless steel mesh magnetic strap everyday wear budget affordable modern formal casual,Ultra affordable contemporary quartz watch with premium stainless steel mesh strap and minimalist clean dial.,https://www.sonatawatches.in,Watches Sonata minimalist sleek quartz analog stainless steel mesh magnetic strap everyday wear budget affordable modern formal casual Ultra affordable contemporary quartz watch with premium stainless steel mesh strap and minimalist clean dial.
127,Sonata Volt Rugged Digital Sports Watch,Watches,Sonata,999,4.4,digital sports watch 100m water resistant shockproof dual time stopwatch alarm backlight rugged outdoor gym running,"Tough outdoor sports digital watch with 100m water resistance, dual time zone, stopwatch, and EL backlight.",https://www.sonatawatches.in,"Watches Sonata digital sports watch 100m water resistant shockproof dual time stopwatch alarm backlight rugged outdoor gym running Tough outdoor sports digital watch with 100m water resistance, dual time zone, stopwatch, and EL backlight."
128,HMT Kohinoor Mechanical Hand-Wound Watch,Watches,HMT,3850,4.9,vintage heritage 17 jewels mechanical hand winding in-house movement sunburst silver dial parashock collector classic made in India,Iconic Indian heritage mechanical hand-winding watch featuring 17 jewels ParaShock movement and sunburst silver dial.,https://www.hmtwatches.in,Watches HMT vintage heritage 17 jewels mechanical hand winding in-house movement sunburst silver dial parashock collector classic made in India Iconic Indian heritage mechanical hand-winding watch featuring 17 jewels ParaShock movement and sunburst silver dial.
129,HMT Janata Devanagari Hindi Dial Vintage Watch,Watches,HMT,3600,4.9,heritage vintage devanagari hindi numerals mechanical hand wound iconic collector classic pure white dial leather strap India timekeeper,The Timekeeper of the Nation with Hindi Devanagari numerals on classic white dial and vintage hand-wound mechanical caliber.,https://www.hmtwatches.in,Watches HMT heritage vintage devanagari hindi numerals mechanical hand wound iconic collector classic pure white dial leather strap India timekeeper The Timekeeper of the Nation with Hindi Devanagari numerals on classic white dial and vintage hand-wound mechanical caliber.
130,Noise ColorFit Pro 5 Max AMOLED Smartwatch,Watches,Noise,4499,4.7,smartwatch 1.96 inch amoled display vo2 max post workout recovery metric bluetooth calling functional crown stainless steel finish,"Top flagship smartwatch with 1.96 inch AMOLED screen, advanced training recovery analysis, and premium metallic build.",https://www.gonoise.com/products/noise-colorfit-pro-5-max,"Watches Noise smartwatch 1.96 inch amoled display vo2 max post workout recovery metric bluetooth calling functional crown stainless steel finish Top flagship smartwatch with 1.96 inch AMOLED screen, advanced training recovery analysis, and premium metallic build."
131,Fire-Boltt Invincible Plus AMOLED Watch,Watches,Fire-Boltt,3999,4.6,smartwatch 1.43 inch amoled 4GB storage local music playback connect tws bluetooth calling 110 sports modes stainless steel strap,Premium round dial smartwatch with 4GB onboard storage to save songs and connect earbuds directly without phone.,https://www.fireboltt.com/products/invincible-plus,Watches Fire-Boltt smartwatch 1.43 inch amoled 4GB storage local music playback connect tws bluetooth calling 110 sports modes stainless steel strap Premium round dial smartwatch with 4GB onboard storage to save songs and connect earbuds directly without phone.
132,Titan Skinn Raw Eau De Parfum (100ml),Fragrance,Titan Skinn,2495,4.9,luxury perfume edp citrus watery watermelon bergamot patchouli long lasting signature masculine fragrance French crafted India,"Mastercrafted in France for Titan, Raw blends bold citrus bergamot with watery crisp notes and woody patchouli for an elite all-day scent.",https://www.skinn.in/product/skinn-raw-perfume-for-men-100ml,"Fragrance Titan Skinn luxury perfume edp citrus watery watermelon bergamot patchouli long lasting signature masculine fragrance French crafted India Mastercrafted in France for Titan, Raw blends bold citrus bergamot with watery crisp notes and woody patchouli for an elite all-day scent."
133,Titan Skinn Celeste Eau De Parfum (100ml),Fragrance,Titan Skinn,2495,4.9,perfume edp women sparkling floral mandarin white florals ambergris apricot jasmine peach luxury long lasting elegant,"Sparkling sensual women perfume with notes of juicy mandarin, white florals, peach, and precious ambergris.",https://www.skinn.in/product/skinn-celeste-perfume-for-women-100ml,"Fragrance Titan Skinn perfume edp women sparkling floral mandarin white florals ambergris apricot jasmine peach luxury long lasting elegant Sparkling sensual women perfume with notes of juicy mandarin, white florals, peach, and precious ambergris."
134,Bella Vita Luxury CEO Man Eau De Parfum (100ml),Fragrance,Bella Vita Luxury,899,4.6,perfume edp men aromatic woody citrus lemon lavender vetiver tonka bean office daily wear long lasting budget luxury India,"Best-selling aromatic luxury perfume for men with fresh lemon zest, soothing lavender, and woody vetiver base.",https://bellavitaorganic.com/products/ceo-man-edp-perfume,"Fragrance Bella Vita Luxury perfume edp men aromatic woody citrus lemon lavender vetiver tonka bean office daily wear long lasting budget luxury India Best-selling aromatic luxury perfume for men with fresh lemon zest, soothing lavender, and woody vetiver base."
135,Bella Vita Luxury Honey Oud Unisex EDP (100ml),Fragrance,Bella Vita Luxury,999,4.7,unisex perfume edp oriental honey agarwood oud vanilla warm amber sweet rich exotic evening luxury fragrance,"Warm oriental blend of sweet wild honey, deep agarwood oudh, and comforting vanilla for an opulent evening aura.",https://bellavitaorganic.com/products/honey-oud-unisex-perfume,"Fragrance Bella Vita Luxury unisex perfume edp oriental honey agarwood oud vanilla warm amber sweet rich exotic evening luxury fragrance Warm oriental blend of sweet wild honey, deep agarwood oudh, and comforting vanilla for an opulent evening aura."
136,Bombay Shaving Company Mexico Eau De Parfum (100ml),Fragrance,Bombay Shaving Company,1199,4.7,edp perfume men intense woody fresh neroli teakwood citrus musk party date night long projection long lasting India,Intense vibrant fragrance blending radiant neroli with grounding teakwood and spicy musk for unforgettable projection.,https://www.bombayshavingcompany.com/products/mexico-perfume,Fragrance Bombay Shaving Company edp perfume men intense woody fresh neroli teakwood citrus musk party date night long projection long lasting India Intense vibrant fragrance blending radiant neroli with grounding teakwood and spicy musk for unforgettable projection.
137,The Man Company Blanc Body Perfume & EDT (100ml),Fragrance,The Man Company,849,4.5,perfume edt men clean citrus musky lemon birch cedarwood office summer fresh subtle everyday wear long lasting,"Clean, subtle all-day fragrance featuring crisp lemon top notes, birch heart, and calming cedarwood base.",https://www.themancompany.com/products/blanc-perfume-edt,"Fragrance The Man Company perfume edt men clean citrus musky lemon birch cedarwood office summer fresh subtle everyday wear long lasting Clean, subtle all-day fragrance featuring crisp lemon top notes, birch heart, and calming cedarwood base."
138,The Man Company Black EDT Intense (100ml),Fragrance,The Man Company,999,4.6,perfume edt men bold evening bergamot lavender amber wood spicy sensual masculine long projection,"Sensual and bold evening perfume infused with sparkling bergamot, calming lavender, and rich amber wood.",https://www.themancompany.com/products/black-edt-for-men,"Fragrance The Man Company perfume edt men bold evening bergamot lavender amber wood spicy sensual masculine long projection Sensual and bold evening perfume infused with sparkling bergamot, calming lavender, and rich amber wood."
139,Villain Classic Eau De Parfum for Men (100ml),Fragrance,Villain,799,4.6,perfume edp men spicy woody mandarin patchouli coffee smoky vanilla bold rebellious long lasting masculine scent,"Bold and mysterious fragrance with explosive citrus mandarin, rich coffee accord, and smoky patchouli vanilla base.",https://www.villain.in/products/villain-classic-perfume,"Fragrance Villain perfume edp men spicy woody mandarin patchouli coffee smoky vanilla bold rebellious long lasting masculine scent Bold and mysterious fragrance with explosive citrus mandarin, rich coffee accord, and smoky patchouli vanilla base."
140,Forest Essentials Nargis Luxury Body Mist (130ml),Fragrance,Forest Essentials,2675,4.9,ayurvedic luxury body mist nargis floral pure distilled kashmiri flower water aloe vera natural organic soothing calming India,Artisanal Ayurvedic body mist infused with steam-distilled rare Kashmiri Nargis flower water and organic aloe vera.,https://www.forestessentialsindia.com/body-mist-nargis.html,Fragrance Forest Essentials ayurvedic luxury body mist nargis floral pure distilled kashmiri flower water aloe vera natural organic soothing calming India Artisanal Ayurvedic body mist infused with steam-distilled rare Kashmiri Nargis flower water and organic aloe vera.
141,Phool Natural Flower Perfume Lavender Patchouli (50ml),Fragrance,Phool,1490,4.8,eco friendly upcycled temple flowers organic natural perfume zero alcohol essential oils lavender patchouli artisanal sustainable India,"Sustainable luxury perfume handcrafted from upcycled sacred temple flowers, natural essential oils, and zero synthetic alcohol.",https://phool.co/products/natural-perfume,"Fragrance Phool eco friendly upcycled temple flowers organic natural perfume zero alcohol essential oils lavender patchouli artisanal sustainable India Sustainable luxury perfume handcrafted from upcycled sacred temple flowers, natural essential oils, and zero synthetic alcohol."
