user_id,product_id,rating
1,101,3.5
1,114,5.0
1,109,4.5
1,102,4.5
1,116,3.5
1,106,3.5
1,120,4.5
2,114,4.5
2,111,3.5
2,106,4.0
2,108,4.0
2,118,4.5
3,116,4.5
3,107,4.5
3,113,5.0
3,118,5.0
3,105,4.5
3,109,4.5
3,112,4.5
4,102,4.0
4,106,5.0
4,103,5.0
4,120,4.5
4,104,5.0
4,117,4.5
4,114,5.0
4,107,5.0
5,114,4.0
5,120,4.0
5,104,3.5
5,110,5.0
5,109,4.0
5,113,4.5
5,107,4.0
6,108,5.0
6,110,5.0
6,101,4.0
6,109,5.0
7,117,4.5
7,112,4.5
7,114,5.0
7,110,4.5
7,104,5.0
7,102,5.0
8,116,4.5
8,110,5.0
8,104,4.0
8,114,4.5
8,120,5.0
9,118,5.0
9,113,4.5
9,120,3.5
9,110,5.0
9,107,4.5
9,112,4.5
10,114,4.5
10,116,4.5
10,117,5.0
10,113,5.0
11,110,4.5
11,101,4.0
11,113,5.0
11,114,4.0
12,115,4.5
12,104,5.0
12,102,4.5
12,114,4.5
12,105,4.5
12,110,4.0
12,119,5.0
12,109,4.0
13,102,4.5
13,107,5.0
13,110,4.5
13,113,4.0
13,104,4.5
13,119,5.0
14,104,4.0
14,116,4.5
14,105,4.0
14,113,4.5
14,120,3.5
15,105,5.0
15,120,5.0
15,109,5.0
15,118,4.0
16,119,4.5
16,102,4.5
16,116,5.0
16,110,4.0
16,103,4.5
17,115,4.5
17,113,4.0
17,104,4.0
17,103,4.5
17,118,3.5
18,111,4.5
18,103,4.5
18,109,4.5
18,118,5.0
19,109,5.0
19,117,4.5
19,110,5.0
19,105,5.0
19,106,4.0
19,114,3.5
19,120,4.0
19,103,3.5
20,106,3.5
20,120,4.5
20,111,5.0
20,101,4.5
20,116,4.5
20,105,4.5
21,113,4.5
21,120,4.5
21,118,4.5
21,106,4.0
21,119,3.5
21,110,3.5
22,117,5.0
22,102,5.0
22,106,4.0
22,108,5.0
22,116,5.0
22,101,5.0
22,113,3.5
22,115,5.0
23,117,4.0
23,104,4.5
23,103,4.0
23,108,4.5
23,119,5.0
23,102,5.0
23,105,4.0
23,113,5.0
24,101,4.0
24,109,4.0
24,117,4.5
24,116,5.0
24,119,4.5
24,102,5.0
24,108,4.5
24,105,4.0
25,118,4.0
25,110,4.0
25,107,5.0
25,102,4.5
26,119,4.0
26,103,4.5
26,101,3.5
26,114,4.0
26,107,4.5
26,109,4.5
27,111,5.0
27,104,4.0
27,117,4.5
27,120,4.5
27,101,5.0
27,107,5.0
27,119,5.0
27,115,4.5
28,110,4.5
28,104,4.0
28,120,5.0
28,112,4.5
28,113,4.0
28,102,4.5
29,117,4.0
29,110,4.0
29,104,3.5
29,115,4.5
29,114,4.5
30,111,3.5
30,113,3.5
30,116,4.5
30,118,4.5
30,114,4.0
30,120,4.5
31,118,4.0
31,101,3.5
31,102,4.0
31,112,4.0
31,105,4.0
31,107,3.5
32,116,4.0
32,104,5.0
32,108,5.0
32,120,4.0
33,116,4.5
33,109,4.0
33,110,4.5
33,104,4.0
33,105,5.0
34,119,4.5
34,107,4.5
34,116,4.5
34,105,5.0
34,117,4.5
34,112,4.0
34,118,4.0
35,116,4.5
35,110,4.5
35,107,4.0
35,112,5.0
35,118,4.0
35,114,4.5
35,101,4.5
36,119,5.0
36,118,4.5
36,109,5.0
36,108,4.0
37,104,5.0
37,113,5.0
37,116,3.5
37,118,5.0
37,119,5.0
37,112,5.0
37,110,5.0
37,114,5.0
38,117,4.5
38,115,4.5
38,101,4.5
38,112,4.5
38,120,4.5
38,103,3.5
38,106,4.0
38,118,4.5
39,102,3.5
39,111,4.5
39,117,5.0
39,103,5.0
39,109,4.5
39,105,5.0
40,107,4.0
40,106,5.0
40,101,4.5
40,117,4.5
40,109,4.5
40,116,5.0
40,118,4.0
41,107,3.5
41,106,3.5
41,103,4.0
41,110,5.0
41,119,5.0
41,102,4.0
41,109,4.0
41,116,4.0
42,111,5.0
42,107,4.5
42,106,4.5
42,118,5.0
42,103,4.5
42,120,4.0
42,102,4.5
43,116,3.5
43,103,5.0
43,114,4.5
43,112,4.5
43,108,3.5
43,104,5.0
44,120,5.0
44,109,5.0
44,107,4.5
44,105,4.0
44,112,4.5
44,110,4.5
45,104,4.0
45,102,3.5
45,110,4.0
45,116,5.0
45,114,5.0
45,105,5.0
45,112,4.5
46,108,4.5
46,113,4.0
46,119,4.5
46,120,4.5
46,106,4.0
46,102,4.5
46,109,4.5
46,112,4.5
47,105,4.0
47,109,4.5
47,104,4.5
47,118,4.0
47,116,5.0
48,107,5.0
48,103,5.0
48,112,4.5
48,117,4.5
48,108,4.5
49,120,5.0
49,108,5.0
49,115,4.5
49,110,5.0
49,109,4.5
50,110,4.5
50,117,4.5
50,116,4.0
50,108,5.0
50,106,5.0
50,107,4.5
50,114,4.0
50,105,4.5
51,106,4.0
51,116,4.5
51,104,4.0
51,102,5.0
51,115,5.0
51,113,3.5
52,101,5.0
52,104,4.5
52,106,5.0
52,110,3.5
52,112,4.5
53,117,5.0
53,119,4.5
53,118,4.0
53,106,3.5
53,109,5.0
53,116,3.5
54,119,3.5
54,110,4.5
54,112,4.0
54,117,5.0
54,115,5.0
54,116,4.5
54,106,4.0
54,102,5.0
55,119,4.0
55,118,5.0
55,101,4.0
55,102,5.0
56,104,5.0
56,116,5.0
56,112,5.0
56,115,4.0
56,107,4.5
56,105,5.0
56,106,4.5
56,108,4.0
57,107,5.0
57,119,5.0
57,120,4.5
57,110,4.5
57,101,3.5
57,118,4.5
58,111,4.5
58,104,4.5
58,107,5.0
58,110,5.0
58,103,4.5
58,109,5.0
59,112,5.0
59,119,4.0
59,114,4.5
59,120,5.0
59,102,4.0
59,108,5.0
59,103,5.0
60,120,4.5
60,104,5.0
60,117,4.5
60,110,4.0
60,119,5.0
60,106,5.0
60,103,4.0
60,105,5.0
61,109,4.5
61,115,4.5
61,103,3.5
61,119,5.0
61,104,4.5
61,105,5.0
61,107,4.0
62,119,5.0
62,116,3.5
62,108,5.0
62,105,5.0
62,115,5.0
63,108,4.0
63,113,4.0
63,114,3.5
63,118,4.0
63,107,4.5
63,116,4.5
63,104,3.5
64,108,4.5
64,119,5.0
64,102,4.0
64,113,4.5
64,105,4.5
64,110,4.5
64,120,5.0
64,106,5.0
65,120,5.0
65,102,5.0
65,110,3.5
65,105,4.5
65,104,5.0
65,112,3.5
66,109,4.5
66,111,4.5
66,108,4.5
66,117,4.0
66,105,5.0
66,103,5.0
66,101,4.5
66,104,5.0
67,119,4.0
67,112,5.0
67,108,4.5
67,101,4.0
67,105,5.0
67,120,4.5
68,104,5.0
68,102,4.5
68,107,5.0
68,114,4.5
68,101,5.0
68,119,5.0
69,115,4.0
69,101,4.5
69,116,4.5
69,108,5.0
69,120,4.0
69,103,5.0
69,111,5.0
70,111,4.5
70,120,5.0
70,118,3.5
70,103,4.5
70,110,4.5
71,119,4.5
71,107,4.5
71,102,4.5
71,118,4.5
71,112,5.0
71,108,5.0
71,116,4.5
72,117,4.5
72,108,4.5
72,113,4.5
72,111,4.5
72,116,4.5
72,112,3.5
72,119,4.5
73,117,4.0
73,109,5.0
73,116,4.0
73,103,4.5
73,101,5.0
73,105,4.5
73,118,3.5
73,108,4.0
74,116,4.5
74,113,5.0
74,102,3.5
74,110,5.0
74,114,4.5
75,107,5.0
75,118,4.0
75,112,4.5
75,110,3.5
75,101,4.5
75,105,4.5
75,108,4.5
75,115,4.5
76,107,5.0
76,113,5.0
76,104,4.0
76,109,4.0
76,105,4.5
76,116,4.0
76,120,4.5
77,102,4.0
77,119,4.5
77,109,4.0
77,103,4.0
77,108,4.5
77,101,4.5
78,105,5.0
78,118,4.0
78,111,4.5
78,107,4.0
78,112,5.0
78,117,4.5
79,103,5.0
79,116,4.5
79,104,4.0
79,114,5.0
80,108,4.0
80,106,3.5
80,116,3.5
80,113,4.5
80,114,4.5
81,106,3.5
81,104,4.5
81,101,5.0
81,120,4.5
81,116,4.5
81,108,5.0
82,110,5.0
82,120,4.0
82,102,4.5
82,112,5.0
82,111,4.5
82,117,4.5
82,115,4.5
82,107,4.5
83,111,4.5
83,109,5.0
83,115,3.5
83,116,4.5
83,101,5.0
84,111,5.0
84,103,3.5
84,107,4.5
84,110,4.0
84,119,4.5
84,102,3.5
85,105,5.0
85,113,4.0
85,118,5.0
85,119,4.5
85,112,5.0
85,108,5.0
86,110,4.5
86,119,4.5
86,120,4.5
86,101,4.0
86,108,5.0
86,117,5.0
87,110,4.5
87,119,4.5
87,112,4.0
87,117,4.5
87,111,4.0
87,116,4.5
87,107,4.5
88,104,4.0
88,106,4.5
88,112,3.5
88,117,4.5
88,120,5.0
88,113,5.0
89,101,4.0
89,113,4.5
89,112,5.0
89,116,4.5
89,109,4.5
89,110,4.0
89,108,4.5
90,112,4.0
90,116,4.5
90,109,5.0
90,106,4.5
90,102,5.0
90,110,4.5
90,107,5.0
90,108,4.0
91,111,5.0
91,119,4.5
91,114,5.0
91,106,4.0
92,115,4.0
92,106,4.5
92,102,5.0
92,114,4.5
92,104,4.0
92,119,4.0
92,112,3.5
93,105,5.0
93,112,4.5
93,114,5.0
93,110,4.5
93,107,4.0
94,105,4.0
94,106,4.0
94,104,5.0
94,109,4.5
94,103,4.5
94,115,3.5
95,110,3.5
95,118,4.0
95,114,4.0
95,101,5.0
95,106,5.0
95,120,4.0
95,104,4.5
95,116,5.0
96,112,4.0
96,110,4.0
96,114,5.0
96,116,4.5
96,104,4.5
96,118,5.0
96,120,5.0
96,102,4.5
97,103,4.5
97,105,4.0
97,115,4.5
97,107,5.0
97,102,5.0
98,111,3.5
98,117,4.5
98,101,4.5
98,109,4.5
98,119,3.5
98,116,4.5
98,112,4.5
99,111,5.0
99,101,4.0
99,120,4.5
99,119,3.5
99,109,5.0
99,116,5.0
99,104,5.0
100,110,4.0
100,103,5.0
100,108,4.5
100,113,4.5
100,116,4.5
100,120,5.0
100,105,5.0
100,102,3.5
